,raceeth,below_5,above_20
1,Black,0.625741454,0.107675301
2,White,0.285817644,0.385668682
,Total,0.3299518,0.3489893
